order_id,day,amount
1,2024-07-06,53.12
2,2024-07-02,96.65
3,2024-07-01,26.53
4,2024-07-03,70.46
5,2024-07-03,57.73
6,2024-07-06,8.99
7,2024-07-04,33.13
8,2024-07-01,93.08
9,2024-07-03,79.53
10,2024-07-05,6.22
11,2024-07-06,33.18
12,2024-07-06,5.93
13,2024-07-07,83.61
14,2024-07-02,15.48
15,2024-07-07,10.46
16,2024-07-01,98.28
17,2024-07-04,47.36
18,2024-07-02,35.25
19,2024-07-02,9.66
20,2024-07-05,42.01
21,2024-07-03,39.77
22,2024-07-04,54.73
23,2024-07-02,5.64
24,2024-07-02,19.06
25,2024-07-06,24.94
26,2024-07-04,46.85
27,2024-07-05,33.72
28,2024-07-05,63.27
29,2024-07-07,32.12
30,2024-07-03,91.42
31,2024-07-02,96.38
32,2024-07-05,10.65
33,2024-07-07,24.86
34,2024-07-07,58.49
35,2024-07-07,78.21
36,2024-07-05,11.08
37,2024-07-03,22.56
38,2024-07-03,48.39
39,2024-07-01,68.53
40,2024-07-02,90.82
41,2024-07-03,87.36
42,2024-07-03,80.41
43,2024-07-05,10.01
44,2024-07-04,97.78
45,2024-07-05,63.39
46,2024-07-07,13.18
47,2024-07-07,29.22
48,2024-07-06,63.97
49,2024-07-07,41.64
50,2024-07-03,47.43
51,2024-07-07,81.44
52,2024-07-07,83.28
53,2024-07-02,56.94
54,2024-07-04,80.28
55,2024-07-04,43.57
56,2024-07-05,97.58
57,2024-07-05,62.49
58,2024-07-01,96.93
59,2024-07-04,9.18
60,2024-07-01,88.86
61,2024-07-07,58.14
62,2024-07-02,72.8
63,2024-07-04,23.3
64,2024-07-07,57.13
65,2024-07-04,32.48
66,2024-07-05,15.02
67,2024-07-04,5.3
68,2024-07-06,91.15
69,2024-07-05,68.74
70,2024-07-05,24.48
71,2024-07-04,29.49
72,2024-07-03,49.23
73,2024-07-05,82.74
74,2024-07-04,16.17
75,2024-07-06,96.94
76,2024-07-05,94.67
77,2024-07-04,28.24
78,2024-07-07,65.87
79,2024-07-02,39.21
80,2024-07-04,71.25
81,2024-07-04,13.26
82,2024-07-07,49.65
83,2024-07-04,60.91
84,2024-07-05,64.52
85,2024-07-01,70.82
86,2024-07-06,89.68
87,2024-07-04,27.92
88,2024-07-04,19.55
89,2024-07-01,42.11
90,2024-07-05,59.04
91,2024-07-05,96.25
92,2024-07-03,72.5
93,2024-07-06,75.15
94,2024-07-04,97.41
95,2024-07-01,30.44
96,2024-07-02,29.65
97,2024-07-02,45.14
98,2024-07-01,33.06
99,2024-07-04,66.85
100,2024-07-01,95.41
101,2024-07-04,19.58
102,2024-07-05,54.21
103,2024-07-05,69.37
104,2024-07-04,51.85
105,2024-07-02,91.81
106,2024-07-07,75.01
107,2024-07-03,88.81
108,2024-07-06,15.62
109,2024-07-04,23.6
110,2024-07-03,11.24
111,2024-07-05,83.79
112,2024-07-07,96.47
113,2024-07-06,6.33
114,2024-07-05,79.98
115,2024-07-01,74.14
116,2024-07-06,91.28
117,2024-07-06,30.69
118,2024-07-03,72.9
119,2024-07-03,27.56
120,2024-07-02,12.22
121,2024-07-07,75.79
122,2024-07-02,9.01
123,2024-07-04,71.46
124,2024-07-02,31.93
125,2024-07-06,51.31
126,2024-07-05,89.7
127,2024-07-02,28.12
128,2024-07-01,49.49
129,2024-07-01,38.73
130,2024-07-01,23.09
131,2024-07-06,50.0
132,2024-07-06,22.25
133,2024-07-03,80.91
134,2024-07-01,63.41
135,2024-07-02,31.9
136,2024-07-04,97.44
137,2024-07-04,37.8
138,2024-07-04,68.77
139,2024-07-05,74.66
140,2024-07-05,30.2
141,2024-07-05,6.12
142,2024-07-04,89.8
143,2024-07-04,95.86
144,2024-07-07,21.17
145,2024-07-06,19.59
146,2024-07-06,46.1
147,2024-07-01,61.77
148,2024-07-05,98.95
149,2024-07-07,96.53
150,2024-07-05,98.85
